task,method,silhouette,calinski_harabasz,davies_bouldin,ari,nmi,purity
hard,PCA+KMeans,0.0409021787345409,4.063026905059815,2.032532561422773,0.0421022389667713,0.1616247657077274,0.3670886075949367
hard,MFCC+KMeans,0.2193912863731384,38.97453308105469,1.2697376700599832,0.0147065369310341,0.1572425830936372,0.379746835443038
hard,AE+KMeans,0.1801798939704895,16.232450485229492,1.3586683159412676,0.0055665335295354,0.1677841434277634,0.3417721518987341
hard,Beta-VAE(beta=4.0)+KMeans,0.3052172362804413,68.34056091308594,1.0526192063521187,0.0202664066967256,0.1565998526110057,0.379746835443038
easy,PCA+KMeans,0.1145988330245018,182.23977661132807,3.2016812721518777,,,
easy,VAE+KMeans,0.1389681994915008,319.2108764648437,2.174699891544048,,,
medium,mmVAE+KMeans,0.32972973585128784,130.9315643310547,0.9186400953825977,0.07111627102734482,0.15449535208817647,0.4936708860759494
medium,mmVAE+Agglomerative,0.3958786129951477,126.7153549194336,0.7612251049313793,0.028458176643967884,0.12497114294416557,0.4177215189873418
medium,mmVAE+DBSCAN(eps=2.257),0.47582799196243286,70.76719665527344,0.7268610287348629,0.028922145619640155,0.07675899073305308,0.375
